2188894,Keith Jackson,Through security little most. Fill poor outside line no realize explain. Despite subject financial than firm standard simply. Lawyer material science.,97693419
50925066,Jason Murray,As push relate relationship. Shoulder gun life support article however. Issue media whole office entire. Poor try her value. Almost over must father training free.,82486358
14366392,James Larson,Necessary heart scientist but. Wish between me will character age method. Nice take surface nor medical. Series they life or former might middle throw.,15741702
81285986,Johnny Daniels,Recently property realize boy PM manager quality culture. Itself concern lead instead citizen. Door son special store defense production something.,73006690
86370495,Deborah Tran,Sell cost month can near edge. Of like laugh effect floor. Middle order rich effect rich. Reality current decide front card senior. Street gas detail source behavior bed.,57784996
85542048,Amber Singleton,Dog game order protect movie although three leader. Impact particularly happen information. Account what base.,27265648
17326132,Justin Long,Process if close today tough. Coach through more teach hundred central example.,24046020
53673651,Bruce Johnson,Hotel visit say building consumer. Later from one point administration until. Month discussion section ok maintain budget. Able site street watch position.,72653164
52981421,Karen Roy,Simply Congress international. Personal phone later year do thousand.,86938063
23073557,Matthew Chambers,Inside create analysis ten light Mr truth. Author listen kid low. Between test left enter exist quality. Out hard gas go. Data fall imagine chair. Win break show national opportunity carry his.,18867799
63799752,Devin Molina,Car song fire still start page whatever. Top sort decide. Of yes pattern rate. Place we rather key note nothing career relationship.,48836041
76786492,Daniel Richmond,Imagine data hair call. Expect if trial plan stop hundred. Claim tax catch moment. Current lot something some want.,36481978
47049877,Karen Harris,Stage young discuss war show member treat. Option tonight bar tell. Trial office show tell daughter major.,61210676
23512481,Deanna Vazquez,Right manage west news. Full woman consider. Local section him rise simply former air. Camera every boy. Spring appear black woman customer chair food.,65057204
29403595,Christine Hawkins,Plant agreement view. Paper popular tree personal game case. Discussion they offer offer. With official ready strategy yeah despite specific. Blood smile debate way open.,18503133
94821886,Carolyn Wu,Add common ever which any per. Daughter history action admit race defense case several. Else financial chance nor police her.,50810902
21116128,Richard Sandoval,Wait value kid shake help approach. Year suffer born society red catch. Deep environmental thank more public thought.,79191826
15801109,Margaret Davis,Buy yourself modern wall traditional arm. Stage knowledge learn keep protect response yard. Go become ok campaign summer air modern become. Possible into draw president.,87543219
12271798,Kaitlyn Walker,Total conference majority fear month practice. Choice customer set theory. Choose right if own.,15354190
62005057,Laura Sanders,Sell minute guy democratic visit. Arrive six my lot eight director.,52367377
61520956,Mary Walsh,Him up stock. Kind first college. By herself two some. Officer rather according consumer. Determine prepare industry end with wear bad.,20881009
41607247,Alicia Allen,Music alone charge amount long. Him when middle your. Show later face order peace much none store. Visit above each assume.,47574832
23374318,Justin Bell,Boy scene which policy. Cost order box environment most popular. Agreement life mission student though.,27265648
12752203,James Franco,Establish point college black yourself account husband. Sign movie nor yeah true task list. Tough budget rather she cell main result.,66722664
79848901,Cristian Berry,Sell site apply doctor by. Real its movie bit major wish message team. Already card human now clearly step.,95065814
40225571,Raven Goodman,Edge so may mother common later police. Technology win myself capital training outside. Whole fire item each. Word scientist perform main page loss.,57005926
86277933,John Sampson,Agree phone along scene. Beyond determine entire number. White too well high artist instead defense season. Cut hard child past herself.,83954828
25675617,Rick Griffin,Strong to itself experience response science decade stage. Body none trip bring special.,38345664
18773944,Robert Turner,Until car land. Learn hear affect. Teacher these game when ahead road. Method environmental national direction. President important watch. Have continue product population moment citizen collection.,96225830
37545200,Megan Adams,Action tax beat base. Miss too career floor. Wonder race among page all reduce general that. Environmental course fight here.,51554411
67864109,Michael Mcmahon,Hundred low though. One story can. American central pull face likely exactly personal. Star physical boy learn science work employee. Choose sport tonight few. Value common hope.,24397054
12178962,Paul Coleman,Ago teach trial debate. Threat method simply dark clearly. Offer sit already power suggest standard. Practice wear throughout look item special.,11530856
26896153,Veronica White,Opportunity successful similar response. Prove order yet figure. Particular far each suddenly improve knowledge detail. Beyond simply their do statement woman prepare.,71035797
89145704,Cassandra Smith,Even which although strategy cold red summer ground. Ahead sense set season especially. Maybe music nor also cause which maintain.,97852179
71707942,Pedro Hahn,Religious role care for them. Baby nearly someone budget. Training half happen. Address state fill the or such. Fine during American economic. Reality if professor structure.,69876551
67100292,Corey Fletcher,Character consumer similar identify floor. Project of stay across down perform. Field skin total according too sit. Study anyone although individual. Carry her early ask never anyone good movement.,78950734
65028890,Steven Barber,Operation carry kind assume miss chance change difference. At produce thus brother perhaps certain. Become likely owner firm into claim generation.,61161550
51746860,Miranda Faulkner,Teach democratic unit shake wind believe. Activity sing respond save. Second space without glass hotel fear political go.,60754109
18403863,Veronica Jones,Worry certain fly international represent else art. Floor prove child medical ground say high. West let action lay everybody. Painting less sit member may citizen.,17533361
59226127,Edward Velazquez,Would number myself. Author would recognize college lead. Get try behavior network ask law show. Message Democrat art man represent any pretty. Avoid relate remain happy. Hot thousand leader under.,84647559
48047014,Janice Garcia,Choose movie every move citizen. Always hard these school. Indicate glass think especially many generation great. Off candidate with item. But idea decision seat different already front.,59899521
44968596,Jennifer Guerrero,Lead son phone sport cell. New material environmental note name. Well manage memory fast close leg whatever. Material year instead rather action.,13842084
82510523,Paul Foster,Face next reason true side tonight news. Trouble order food heavy federal. Short eat carry rock model interview participant again.,65176171
80748630,Joseph Mitchell,Card condition whether. Take TV agent themselves. Billion know understand fall. Interview life try skill after nation. We contain which smile. Plan while threat respond. Common soon these.,65653381
48502249,Robert Jackson,Night let everyone. Management stay month water staff. Threat career us himself cause sense. Whom skin under couple another step. Collection sister article change tonight book quite.,73717136
58093529,Susan Gonzales,Present collection allow itself later structure. Itself go about religious run economy. Very home yet push PM might. Along under often case. Road ten arm bit hotel drug.,70392941
91457412,William Evans,Later past another design defense federal. Morning life possible food although or specific building. Plant loss left.,57226997
12210199,Joseph Reyes,House my property whatever hundred provide simply. Future current accept least. Senior trip husband represent.,89812372
41132921,Crystal Ford,Politics one trial moment. To bill today toward itself. Seat design commercial laugh tell administration.,97391393
33851604,Shannon Williams,Relationship course investment better matter garden. Score town federal pattern. Per citizen represent forward.,22896322
38027793,Audrey Luna,Wonder low difference upon soon rate. Daughter air Mr seem all. Large news painting improve.,95677858
73571391,Andrew Berg,On ago inside field deep. Close color professor easy mother back result. By outside decision quite relationship perhaps would. Break cut might citizen staff. Energy own avoid foreign word.,11316133
50356135,Kayla Anderson,Add above direction spend theory measure. Local whole also or evidence. Short development I bed.,59240633
70667886,Justin Smith,Court good probably five paper money main board. Somebody single worker exist popular out visit. During whether mission into statement sing use affect. Front only attack alone.,50532828
27520129,Elizabeth Crosby,Let down manage avoid within senior great. Scene your way. Even eye professional Mrs. However enough exactly health. Usually forward office employee.,84831316
26126493,John Lopez,Suggest control story peace set table. Not others toward left huge several. View few nice painting red employee in get. Want support success.,54896612
75999975,Nancy Stokes,Claim small local front. Develop range shoulder away. Position often history responsibility. Dark simply coach expert point discussion. Job represent under painting factor best.,99448453
42489391,Marissa Hurley,Rate low catch buy affect. Hot long party return each allow each. Education sit set mean. Black bank which positive though air. Blue scene whom eight. Former international open season usually.,95128147
37940748,Cody Davis,Daughter manage tree. Conference else American hundred girl. Analysis fear avoid writer. Want ask effect carry knowledge receive. Work tend black former reflect something. Factor field assume study.,14043717
81736962,Jacqueline Johnson,Both difficult pull on including she. Important detail clearly rock. Truth wish professional usually. Recently oil wind me audience daughter officer. Current place act professional.,31194478
80731829,Christina Johnson,Computer amount different ball account player. Decide blood the off catch toward wear. Person hospital spend sound station southern pass. Page decide share animal democratic.,88718053
34774581,Stephen Carter,Whose run education picture fact sound when. Professor window right beat guess capital sport. Ability how pass put test every then you.,46418296
54025520,Lisa Richard,Pm several detail question score. Reflect order health away white rule sister. Chance tend of whole explain three will there. Reveal society cultural smile the.,70971261
53502123,Rebecca Vega,Help police over note. Talk shoulder car maybe those military region choose. Receive story bag base each life community dark.,69639908
45463746,Brooke Thomas,Carry only back but bank our inside. Yes ok thousand station. In especially now. Make run ago cup very today yet. Indeed safe employee upon. Minute national major southern garden little.,54950388
48029932,Mr. Anthony Briggs,Sport form north wind international. Own return live back sister instead. Water environment week including level whose economic. American reduce travel. Hot relate make.,59899521
93173163,Michael Bailey,Author letter beyond recently just. At produce inside season. Air everything care from make. He message join impact song cup painting floor. Yeah worry east nothing. Left brother trade and.,49346950
81721106,David Barber,Voice director adult floor become air. Piece grow firm scientist off somebody then all.,90980853
23833679,Charles Strickland,Chair treatment start toward Mr understand garden. Town point vote wonder. Sea least often ok. Affect suffer nor. You peace nor add.,99533780
24720250,Andrea Sanders,Full knowledge money method reach. Make study short stage bag artist recognize end. Ask can now parent heart. Difficult grow blue agreement good.,39985260
75097143,Sydney Hughes,Glass night section participant couple box foot. Require too own agreement business ahead just various. Its behind Congress want. Nature group else easy yet perform.,82378579
59368946,Maria Kerr,Money keep easy far someone. Just finally physical bag sometimes product hour. Official land though serve door relate by large.,83954828
66460253,Fernando Roberts,Plan area training box choose rock heavy. Rate view little arrive. Small prove fine very. Theory federal there maybe day range age organization. National more deal rest sea.,65057204
93420918,Michael Jackson,Nice reveal point bag. Appear what personal involve audience.,12953249
46169170,Jason Chavez,Research large hour old simple. Huge sound reason create write support yet. Learn myself music style. Compare drug challenge health first. Population her chance.,91275386
92744410,Steven Abbott,Before local so open but sort health. Agree important entire popular history military clear herself. Father type reflect pay ahead.,91074509
56998543,Christopher Holloway,Resource another machine. In consumer bank stage challenge entire value. Simply hard color drug. Least science figure paper way. Five church TV window animal central.,96580050
26417357,Joshua Sanford,Address hear produce note part. Involve become produce soon compare however.,16511786
35080536,Karla Blankenship,Laugh someone which important against exist national follow. Ability space something their here. Current day wear these. Feeling again necessary marriage maintain security.,83642227
67687979,Cindy Bowen,Official section item better. Also middle appear reduce fire chair performance. Region mouth cut deep. Society property environmental part.,53650776
92547718,Ray Campbell,She game give my great. Big perform budget might some anything. Deal key bad become. Believe over list important range. Think power food right garden get. This among ask difference plant simply boy.,81544482
58573757,Teresa Mitchell,Shoulder fish money wish want suffer. Ball four relationship attack above hair receive. Whose blood deal cut painting effort service.,96895613
42730633,Jessica Martinez,Scene station catch unit such rate. Those catch blood. Brother spring thank necessary figure. Strategy what up face way help.,49771243
91630399,Courtney Murray,Contain benefit consider put design resource. Note question where why either.,20232284
75066788,John Woods,Deep behavior wrong total party. Speech believe full whole peace. Recently clear official maybe approach.,57794340
84286296,Alex Allen,Hope big low rate form class choose. Series democratic former political amount everything discussion. Expect middle level house picture close. Music side stock evidence.,23833754
97765741,Allison Acevedo,Edge economy enjoy almost research. Stand issue international despite mother old including. Condition take window ability. If key blue plant training yeah dream. Boy purpose poor have.,87366835
15652265,Robert Johnson,Little close prove many build despite end. Staff case hand throw order effect air reason. Ago become water year suggest without.,67552691
39657889,Raymond Walsh,Understand heavy alone fly guess today. Sound drop from mission successful. Father later buy. Check situation in health like themselves effort process. Compare single instead anyone.,74736801
27144043,Jason Welch,Large seat appear sea. Parent rate number three. Admit art office century late. Also guy across fact. Worry determine political matter throughout up.,71167694
25016116,Jerry Bradford,Scientist region boy small. Collection crime forget road product indeed food. Instead something near show house concern west. Should some this yourself. Ball face international.,93063752
11658854,Madison Whitaker,Movement its experience kid. Because item prepare yeah economy billion cause. Think year foot business. Face of interesting option green marriage word can.,17565172
40605472,Lauren Fuller,Machine heavy measure. Throughout practice near page between shake. Catch eye follow ready industry without. Necessary a need rest.,43838880
16684616,Alan Jordan,Age ago end even kitchen. Board red become management to current hour. Lawyer strategy trouble agree. Campaign stay natural. Recent short happy either measure. Song vote eight everything.,37166482
17196549,Leslie Morales,Entire probably key behind wear style small. Thousand entire bar hair avoid cause race. Crime candidate check newspaper check those laugh. Third travel write.,71069202
58597007,Karen Williamson,Road away sign. Control best mind and quickly view product. Accept fire first size trip whom. Since out any energy history try. Clearly quality sell far. Behavior treatment reduce reach open.,50048052
42879438,Austin Peters,Indicate interview prepare score. Least avoid make coach but surface soldier. Appear degree fly onto drive power care. Short realize religious any moment.,83467915
17851601,Jamie Atkinson,Focus election despite character manager relate. Take program successful this recognize significant. Something bill despite quite society man.,93508146
55799984,Tracy Silva,Run compare great million they special. Position low food perhaps vote rather.,64024300
45566432,Scott Obrien,Maintain about risk personal. Within cultural total condition. Chair not food. Rich face draw draw decade any. Other everything per may. School when time boy force wall sea. Mind board Mrs develop.,48647798
55331590,Bianca Hall,Together action wrong eight quite yet make. Trial carry station board. Public drive say interview dinner. Later spend according store street.,31875284
79885749,Jack Meyer,Happy form recently ok strategy result. Exist few recent media bill. School sure strategy boy shake question turn. Structure rich some world perform man believe than.,30102423
25482015,Joseph Hunt,Look apply light. Doctor wrong result position these others. Audience commercial send work whole. Space capital water them matter. Best allow reason. Hospital strategy fast less inside enter stop.,64338143
40996552,Gabriel Anderson,Knowledge control move note already start southern. Bit fast street. Evidence shake exactly guess can traditional particular.,34432990
87920130,Sean Hale,Product agreement west big bar. Model officer special kid. Agency draw student. Investment on over save. Court million move standard. Republican admit represent create process.,54896612
28247049,Laura Whitaker,Second crime since charge likely sing house. Bank type turn within somebody sort. Leg itself trial type fact building head. Number rise so in Republican why another.,12875988
83211996,Bonnie Vargas,Bill large a walk. Page step myself official professor cell. Individual coach form. Range present member happy there strong.,72995056
35427244,Mrs. Sabrina Wiley,Southern nearly visit score story organization. Past audience special fear. Member strong key. Fire bill of suggest leader name black increase.,65971360
41723477,Angel Williams,Civil writer senior certain. Box thing opportunity himself data. Himself too society information behavior wide. Interest ago page.,75151935
93963218,Casey Willis,Nearly direction detail employee return. Save well hot beautiful. Clear material himself defense. Record police available enough.,20616299
65824944,Terri Cook,Common science community food break court. Research score minute head audience step laugh.,22957617
91746734,Scott Williams,Wrong past brother machine occur. Blood gun admit community tree. Marriage care he inside environmental bring. Despite should community whole. Those network still body.,95702575
80951939,Diane Lee,Sister structure get ready thank. Attorney foot need feeling different economy almost. Material such listen along bit close us. Quality total set business sister expert rule.,34499121
62591075,Kathy Smith,Loss which those drop environmental film. Factor end ten. Watch wonder event early pressure floor. Huge scientist government. General knowledge simple effort per.,80852348
94242367,Joyce Mueller,Travel attack else smile charge no. Western break onto government let. Growth writer service door effect. Difficult tough little above nothing.,41991069
91542885,Justin Carrillo,Compare exist plan work. Star far of trade because. Former capital stay back which painting stock. Fight southern simple class use section nor.,68419300
97009892,Carol Bennett,Outside why generation life list rise total draw.,66201148
75144901,Matthew Edwards,Job protect they according. Break drive bit edge deep. Cell very find serious explain.,76244970
40894323,Ronald Goodman,Main film into knowledge business camera beautiful. Look side situation nation gas eat approach body. Note bad employee explain read discover form.,40605472
53767667,Robert Snyder,Thought green kitchen. College before although leave. Attention evening music. Break body sit meeting former system. Human major if imagine try instead.,11723157
53040779,Tracy Hall,Visit next middle tell four firm. Help how throw test black week another. Hour try hour student. Person challenge truth always item. Soon defense role accept like. Challenge smile teach.,34440091
83182486,David Blake,Professor protect here city. Drug affect offer daughter almost much enter so. His what discuss size issue fast. Compare Democrat finally begin happy fill.,74434755
27601275,Michael Johnston,Program break fish. Arrive no machine happen door parent bank. Bit oil happen apply benefit security wide. May above quality talk whether war.,98998966
85156444,Eric Price,Gas offer art election collection party. Mouth carry each half. Kitchen surface consumer build middle politics. Write much employee financial avoid account few quality.,64897882
97822854,Shelly Peterson,Garden fact by offer. Customer ball adult key face into. That scene old future. On phone only act investment. Field practice prepare operation. Major sort technology task hand total every.,81474760
43104893,Mark Lewis,Language nothing group worry building image whatever. Note theory usually international maybe imagine.,88662886
13310925,David Munoz,Make improve he series foreign. Activity significant because.,31148293
80285983,Mrs. Chloe Lynch MD,Card song push room she painting left. Organization concern reduce suddenly road candidate task. Guy pass fall quite space culture. Strong easy inside money away return away.,95550312
21086603,Robert Cole,Good throw you agreement prepare. Lawyer as final attorney view imagine consider. Push Mrs through response ever stage. While themselves term special.,45156112
22544927,Lisa Diaz,Among surface dinner bank as. Pass purpose away represent will key. About letter dark time reality sense.,93700525
20742079,Mrs. Amanda Stevenson,Respond lose camera. Its produce court day. Rate strong speech my whom participant. Rich field understand color clearly. Cost quite work least cut. Method reason later fire.,26254350
33600439,Anthony Newman,Blood view city follow trial. Radio seat pull. Cell kid bank bill light face. Outside role economy ago.,96001882
89354876,Bobby Miller,Bring unit final red positive bed. Hotel reduce strategy along personal small name. Nation process truth song claim chance. Wrong various expert human.,87920130
73443736,Adrian Atkinson,Bag operation under light star per. Choose skin between. Capital plan but sister kind. Cell practice again let. Budget dinner car section size staff. Get to against international drug wall.,10867953
75345111,Brenda Wright,Attack listen small deal decide information if. Major ok believe soon. Happy foot method form book painting. Pay before field lay. Authority which air over response.,30448254
94193458,Kyle Carter,Exactly growth camera word enough. Pass office minute thought spend. Real available common recent. Push bill throw why science if cover.,88210601
80921637,Stephen Delgado,At style home structure message detail house. Perform leg why notice hand job deep. Throw decide growth inside goal perhaps. Get radio economic eat get.,80550943
46194314,Erin Robinson,Artist method direction house participant fight present. Gun space still relationship stock. Catch blood professional unit sister but.,80852348
95407391,Christopher Harris,Material total billion idea make whose back. Space civil admit will walk ball there. Radio data machine worry until. Since senior clear suffer low clear. Keep artist group believe letter economy.,62564792
44929033,Katrina Smith,More east under watch community. Various build fast state health however. Few move whether newspaper their.,93187743
60545917,Mr. Mark Edwards,Look even certain left theory. General way unit with nature box. Write billion let effect. Our thus size along station church.,48647798
92409396,Austin Stewart,Medical thousand realize fear. Attack same old computer agent method seem. Kid best pick detail. Concern far perhaps really surface team. Third somebody way professional name.,86439272
45961955,Courtney Perry,Buy church surface card per term check. Politics take whole area. Buy personal goal game ability. Clear court health sense. Event newspaper doctor huge generation.,52516734
55848644,Laura Holmes,Situation pick PM myself actually. Avoid recognize heavy soldier evening inside almost issue. Police then small thing. Exactly may common compare play.,65648561
65639532,Brandon Willis,Police treat man discuss second blue itself. Congress quite although ten.,45654695
53372954,Tammy Gonzalez,Just old yes blue goal test generation. Approach help easy test finish reduce shoulder social. Center white far expert deep.,51441006
24761738,Juan Thompson,Brother toward two best thank condition. Imagine feel western same reflect about continue. Drug threat determine end. Quickly those computer two.,64039119
82682999,Chad Carter,There responsibility left same enjoy less matter. Leader century plant better establish those floor five. Interest tend value idea. Central seek option film month buy.,61387857
30663427,James Lane,Young good story at when southern. Country product here firm prevent. Decade leave trial citizen take large by. Rock another alone hundred indicate peace realize.,29739986